{
  "project_info": {
    "project_number": "651379919920",
    "firebase_url": "https://goldapplication-bfd56.firebaseio.com",
    "project_id": "goldapplication-bfd56",
    "storage_bucket": "goldapplication-bfd56.appspot.com"
  },
  "client": [
    {
      "client_info": {
        "mobilesdk_app_id": "1:651379919920:android:d86411c9894fd0de5831f5",
        "android_client_info": {
          "package_name": "com.example.nikkyreddy.goldapplication"
        }
      },
      "oauth_client": [
        {
          "client_id": "651379919920-115e88ileo7hq221r9p9s654u9ot0m2u.apps.googleusercontent.com",
          "client_type": 1,
          "android_info": {
            "package_name": "com.example.nikkyreddy.goldapplication",
            "certificate_hash": "b476fddd381a79057c8beadd125b2d58842527bb"
          }
        },
        {
          "client_id": "651379919920-ijsb5ai65nnk6vdk30uoqn8seo1h0joh.apps.googleusercontent.com",
          "client_type": 3
        }
      ],
      "api_key": [
        {
          "current_key": "AIzaSyCm-Dp6yFupqYXVgYD32U9UzTYcmheNEOs"
        }
      ],
      "services": {
        "appinvite_service": {
          "other_platform_oauth_client": [
            {
              "client_id": "651379919920-ijsb5ai65nnk6vdk30uoqn8seo1h0joh.apps.googleusercontent.com",
              "client_type": 3
            }
          ]
        }
      }
    }
  ],
  "configuration_version": "1"
}